Locus,Marker ID,Chromosome,Position (Mb),Position (bp),Variant type,Primary trait,Dosage model,-log10(p) [BLUE exc.25],PVE (%) [BLUE exc.25],ALT allele frequency,N genotyped,Dosage distribution (D0:D1:D2:D3:D4),DTFlower -log10(p) [BLUE exc.25],DTFruit -log10(p) [BLUE exc.25],Flow2Fruit -log10(p) [BLUE exc.25],FruitWeight -log10(p) [BLUE exc.25],-log10(p) yr.23 [primary trait],-log10(p) yr.24 [primary trait],Within-study replication,score_num
Chr.02: 3-4 Mb,Chr.02_3615748,Chr.02,3.616,3615748,Other,DTFlower,1-dom-ref,8.207,5.39,0.464,626,1:200:324:89:12,8.634,1.493,5.11,0.512,8.145,5.297,yr.23 only,8.207
Chr.02: 3-4 Mb,Chr.02_3615805,Chr.02,3.616,3615805,Other,DTFlower,1-dom-ref,6.106,3.89,0.417,626,0:331:184:99:12,6.795,1.362,3.837,0.307,5.874,3.874,yr.23 only,6.106
Chr.02: 3-4 Mb,Chr.02_3615816,Chr.02,3.616,3615816,Other,DTFlower,1-dom-ref,5.905,3.75,0.405,626,2:345:178:91:10,6.45,3.053,1.97,0.407,5.765,2.169,yr.23 only,5.905
Chr.02: 37-38 Mb,Chr.02_37452394,Chr.02,37.452,37452394,Other,DTFlower,2-dom-ref,7.718,4.95,0.304,626,8:480:133:5:0,7.07,4.886,1.416,0.931,7.599,3.813,yr.23 only,7.718
Chr.02: 47-48 Mb,Chr.02_47854803,Chr.02,47.855,47854803,SNP,DTFlower,additive,6.1,3.85,0.785,626,0:0:15:509:102,6.336,2.404,2.892,1.918,3.74,7.852,yr.24 only,6.1
Chr.03: 16-17 Mb,Chr.03_16371025,Chr.03,16.371,16371025,SNP,DTFruit,2-dom-alt,7.721,4.94,0.249,626,18:593:14:1:0,5.618,8.584,0.242,1.149,6.086,2.343,yr.23 only,7.721
Chr.05: 20-21 Mb,Chr.05_20189714,Chr.05,20.19,20189714,SNP,DTFruit,2-dom-alt,7.537,4.82,0.345,626,0:410:193:23:0,7.597,7.882,0.344,0.227,7.281,3.926,yr.23 only,7.537
Chr.05: 44-45 Mb,Chr.05_44735183,Chr.05,44.735,44735183,SNP,DTFruit,additive,7.359,4.69,0.376,626,0:380:179:64:3,6.155,5.774,0.881,0.183,8.067,2.738,yr.23 only,7.359
Chr.05: 44-45 Mb,Chr.05_44513586,Chr.05,44.514,44513586,SNP,DTFruit,additive,5.948,3.74,0.495,626,0:133:379:108:6,3.042,4.678,0.885,0.553,5.363,3.504,Neither,5.948
Chr.05: 44-45 Mb,Chr.05_44469347,Chr.05,44.469,44469347,Other,DTFlower,additive,5.893,3.69,0.52,626,3:110:364:133:16,6.924,4.878,1.385,0.364,4.176,4.836,Neither,5.893
Chr.05: 45-46 Mb,Chr.05_45296330,Chr.05,45.296,45296330,Other,DTFruit,additive,8.37,5.4,0.374,626,0:380:184:60:2,7.464,6.916,0.835,0.321,7.615,3.618,yr.23 only,8.37
Chr.05: 45-46 Mb,Chr.05_45062653,Chr.05,45.063,45062653,Other,DTFlower,additive,8.164,5.26,0.414,626,0:309:229:83:5,9.367,6.548,2.172,1.277,5.999,7.876,yr.23 + yr.24,8.164
Chr.05: 45-46 Mb,Chr.05_45296315,Chr.05,45.296,45296315,Other,DTFruit,additive,8.018,5.15,0.374,626,0:378:187:59:2,7.723,6.737,0.694,0.132,6.922,3.858,yr.23 only,8.018
Chr.05: 45-46 Mb,Chr.05_45062560,Chr.05,45.063,45062560,Other,DTFruit,2-dom-ref,7.987,5.12,0.457,626,0:214:312:93:7,5.33,7.223,0.389,0.638,7.442,2.668,yr.23 only,7.987
Chr.05: 45-46 Mb,Chr.05_45296366,Chr.05,45.296,45296366,Other,DTFruit,additive,7.196,4.59,0.384,626,1:363:189:71:2,7.022,6.106,0.678,0.296,6.804,2.669,yr.23 only,7.196
Chr.05: 45-46 Mb,Chr.05_45062571,Chr.05,45.063,45062571,Other,DTFruit,2-dom-ref,6.528,4.13,0.44,626,2:232:313:71:8,4.586,5.322,0.401,1.258,6.486,2.295,yr.23 only,6.528
Chr.05: 45-46 Mb,Chr.05_45062680,Chr.05,45.063,45062680,SNP,DTFlower,additive,6.413,4.08,0.402,626,2:327:216:77:4,8.191,5.934,1.979,0.345,4.819,6.114,yr.24 only,6.413
Chr.05: 45-46 Mb,Chr.05_45062500,Chr.05,45.062,45062500,Other,DTFruit,additive,6.303,3.98,0.4,626,18:312:209:76:11,5.512,6.404,0.803,1.292,4.81,3.925,Neither,6.303
Chr.05: 45-46 Mb,Chr.05_45062639,Chr.05,45.063,45062639,Other,DTFlower,additive,6.082,3.84,0.399,626,0:337:210:75:4,7.535,4.854,1.831,0.789,5.088,5.87,yr.24 only,6.082
Chr.05: 45-46 Mb,Chr.05_45062518,Chr.05,45.063,45062518,Other,DTFruit,additive,5.676,3.55,0.382,626,5:357:196:64:4,4.576,5.084,0.353,2.484,5.043,3.415,Neither,5.676
Chr.05: 46-47 Mb,Chr.05_46175030,Chr.05,46.175,46175030,SNP,DTFlower,additive,6.874,4.37,0.371,626,0:391:169:63:3,5.685,2.415,3.135,0.638,6.272,4.818,yr.23 only,6.874
Chr.05: 46-47 Mb,Chr.05_46175060,Chr.05,46.175,46175060,SNP,DTFlower,additive,5.911,3.72,0.48,626,0:173:344:94:15,5.752,3.934,2.342,1.002,5.054,5.262,Neither,5.911
Chr.05: 46-47 Mb,Chr.05_46599804,Chr.05,46.6,46599804,Other,DTFlower,2-dom-alt,5.586,3.48,0.387,626,0:368:180:72:6,4.857,3.453,1.344,1.205,4.387,5.935,yr.24 only,5.586
Chr.05: 47-48 Mb,Chr.05_47926790,Chr.05,47.927,47926790,SNP,DTFlower,additive,11.039,7.22,0.517,626,0:129:344:135:18,11.379,8.32,1.831,0.578,8.54,10.224,yr.23 + yr.24,11.039
Chr.05: 47-48 Mb,Chr.05_47919945,Chr.05,47.92,47919945,Other,DTFlower,additive,10.51,6.84,0.483,626,0:175:329:112:10,10.342,6.964,1.543,0.967,9.367,8.292,yr.23 + yr.24,10.51
Chr.05: 47-48 Mb,Chr.05_47585816,Chr.05,47.586,47585816,SNP,DTFlower,2-dom-ref,10.033,6.51,0.518,626,0:125:345:142:14,9.776,6.511,1.796,1.45,7.551,10.273,yr.23 + yr.24,10.033
Chr.05: 47-48 Mb,Chr.05_47919954,Chr.05,47.92,47919954,SNP,DTFlower,additive,9.121,5.9,0.477,626,0:174:343:101:8,8.857,4.863,2.652,0.837,9.467,5.784,yr.23 + yr.24,9.121
Chr.05: 47-48 Mb,Chr.05_47926817,Chr.05,47.927,47926817,SNP,DTFlower,additive,8.919,5.78,0.517,626,1:128:342:138:17,8.919,4.887,3.158,0.492,7.03,8.1,yr.23 + yr.24,8.919
Chr.05: 47-48 Mb,Chr.05_47919870,Chr.05,47.92,47919870,Other,DTFlower,additive,8.867,5.73,0.54,626,0:106:333:167:20,8.052,3.378,3.242,1.128,7.045,8.523,yr.23 + yr.24,8.867
Chr.05: 47-48 Mb,Chr.05_47989535,Chr.05,47.99,47989535,SNP,DTFruit,additive,8.77,5.66,0.532,626,0:116:339:146:25,6.186,6.362,0.509,1.894,7.126,5.787,yr.23 + yr.24,8.77
Chr.05: 47-48 Mb,Chr.05_47920080,Chr.05,47.92,47920080,Other,DTFlower,additive,8.312,5.35,0.618,626,0:81:192:330:23,7.754,4.525,2.119,1.674,6.864,8.307,yr.23 + yr.24,8.312
Chr.05: 47-48 Mb,Chr.05_47585797,Chr.05,47.586,47585797,Other,DTFlower,additive,8.237,5.29,0.404,626,4:347:187:62:26,8.753,3.97,1.859,0.74,6.201,6.783,yr.23 + yr.24,8.237
Chr.05: 47-48 Mb,Chr.05_47919814,Chr.05,47.92,47919814,Other,DTFlower,additive,8.152,5.26,0.55,626,0:104:320:174:28,7.36,3.262,2.543,0.595,6.388,8.781,yr.23 + yr.24,8.152
Chr.05: 47-48 Mb,Chr.05_47919820,Chr.05,47.92,47919820,Other,DTFlower,additive,7.892,5.08,0.545,626,0:113:318:165:30,7.206,3.201,2.697,0.765,5.969,8.642,yr.23 + yr.24,7.892
Chr.05: 47-48 Mb,Chr.05_47919916,Chr.05,47.92,47919916,SNP,DTFlower,additive,7.879,5.06,0.556,626,1:95:319:184:27,7.016,3.749,1.868,1.181,6.212,6.782,yr.23 + yr.24,7.879
Chr.05: 47-48 Mb,Chr.05_47954307,Chr.05,47.954,47954307,SNP,DTFruit,additive,7.616,4.87,0.475,626,1:184:331:96:14,7.355,5.246,1.154,0.294,6.018,5.093,yr.23 only,7.616
Chr.05: 47-48 Mb,Chr.05_47952535,Chr.05,47.953,47952535,SNP,DTFruit,additive,7.286,4.64,0.517,626,0:128:345:136:17,6.656,5.573,1.452,0.528,7.498,2.756,yr.23 only,7.286
Chr.05: 47-48 Mb,Chr.05_47919762,Chr.05,47.92,47919762,Other,DTFlower,additive,7.182,4.63,0.626,626,2:74:192:323:35,7.151,3.913,1.73,0.435,5.287,7.528,yr.24 only,7.182
Chr.05: 47-48 Mb,Chr.05_47989620,Chr.05,47.99,47989620,Other,DTFlower,additive,6.96,4.43,0.524,626,1:130:329:140:26,6.865,4.323,1.521,0.825,6.14,5.254,yr.23 only,6.96
Chr.05: 47-48 Mb,Chr.05_47475506,Chr.05,47.476,47475506,Other,DTFlower,additive,6.94,4.41,0.417,626,0:332:180:104:10,6.668,4.553,1.542,1.429,5.394,6.266,yr.24 only,6.94
Chr.05: 47-48 Mb,Chr.05_47920071,Chr.05,47.92,47920071,Other,DTFruit,additive,6.878,4.37,0.654,626,1:57:169:354:45,6.36,5.367,1.049,0.657,5.425,4.467,Neither,6.878
Chr.05: 47-48 Mb,Chr.05_47164302,Chr.05,47.164,47164302,Other,DTFlower,2-dom-alt,6.68,4.23,0.315,626,80:375:109:52:10,6.189,4.319,1.721,0.729,7.317,4.576,yr.23 only,6.68
Chr.05: 47-48 Mb,Chr.05_47954391,Chr.05,47.954,47954391,SNP,DTFlower,2-dom-ref,6.563,4.15,0.499,626,0:133:377:102:14,5.72,4.346,0.888,0.81,6.02,5.811,yr.23 + yr.24,6.563
Chr.05: 47-48 Mb,Chr.05_47919829,Chr.05,47.92,47919829,Indel,DTFlower,additive,6.287,3.99,0.337,626,22:401:167:36:0,6.773,4.272,3.286,0.985,4.756,5.525,yr.24 only,6.287
Chr.05: 47-48 Mb,Chr.05_47602967,Chr.05,47.603,47602967,Other,DTFlower,additive,5.937,3.73,0.652,626,0:58:182:333:53,5.935,1.854,3.193,1.073,4.732,6.754,yr.24 only,5.937
Chr.05: 47-48 Mb,Chr.05_47757877,Chr.05,47.758,47757877,Other,DTFruit,additive,5.765,3.61,0.505,626,0:147:332:135:12,5.624,4.875,0.474,0.522,5.892,1.98,yr.23 only,5.765
Chr.05: 47-48 Mb,Chr.05_47722057,Chr.05,47.722,47722057,Other,DTFlower,1-dom-ref,5.761,3.67,0.524,626,0:88:398:133:7,6.574,0.825,4.442,0.655,4.628,4.22,Neither,5.761
Chr.05: 47-48 Mb,Chr.05_47921594,Chr.05,47.922,47921594,SNP,DTFruit,2-dom-alt,5.611,3.52,0.294,626,4:516:98:8:0,4.819,4.898,0.154,0.387,4.877,3.358,Neither,5.611
Chr.05: 48-49 Mb,Chr.05_48252083,Chr.05,48.252,48252083,Other,DTFlower,additive,11.86,7.79,0.279,626,56:457:98:14:1,12.748,8.177,1.546,0.555,8.847,10.284,yr.23 + yr.24,11.86
Chr.05: 48-49 Mb,Chr.05_48243619,Chr.05,48.244,48243619,SNP,DTFruit,additive,11.736,7.69,0.368,626,0:397:166:59:4,10.686,9.53,1.055,0.775,10.142,5.232,yr.23 only,11.736
Chr.05: 48-49 Mb,Chr.05_48114689,Chr.05,48.115,48114689,SNP,DTFruit,additive,10.053,6.52,0.508,626,0:146:330:135:15,9.015,10.705,0.369,0.253,8.812,4.334,yr.23 only,10.053
Chr.05: 48-49 Mb,Chr.05_48616024,Chr.05,48.616,48616024,SNP,DTFruit,additive,9.441,6.14,0.365,626,1:398:169:54:4,7.255,8.59,0.346,0.764,7.924,5.379,yr.23 only,9.441
Chr.05: 48-49 Mb,Chr.05_48188630,Chr.05,48.189,48188630,SNP,DTFlower,additive,9.378,6.09,0.411,626,2:336:179:101:8,9.242,6.072,1.769,0.94,9.801,6.75,yr.23 + yr.24,9.378
Chr.05: 48-49 Mb,Chr.05_48616039,Chr.05,48.616,48616039,SNP,DTFruit,additive,9.07,5.87,0.362,626,3:396:174:49:4,8.358,8.503,0.559,0.477,7.808,4.017,yr.23 only,9.07
Chr.05: 48-49 Mb,Chr.05_48169153,Chr.05,48.169,48169153,SNP,DTFlower,additive,8.96,5.79,0.405,626,1:337:192:90:6,8.244,7.083,1.448,0.68,6.388,9.361,yr.23 + yr.24,8.96
Chr.05: 48-49 Mb,Chr.05_48188713,Chr.05,48.189,48188713,SNP,DTFlower,additive,8.156,5.24,0.51,626,0:152:321:129:24,8.024,5.984,1.122,0.285,8.396,4.929,yr.23 only,8.156
Chr.05: 48-49 Mb,Chr.05_48252308,Chr.05,48.252,48252308,SNP,DTFlower,additive,7.961,5.13,0.368,626,0:388:184:51:3,7.239,5.458,0.956,1.608,7.84,6.889,yr.23 + yr.24,7.961
Chr.05: 48-49 Mb,Chr.05_48342389,Chr.05,48.342,48342389,SNP,DTFlower,2-dom-alt,7.914,5.07,0.385,626,0:380:161:78:7,8.173,4.207,3.209,0.38,5.834,7.436,yr.23 + yr.24,7.914
Chr.05: 48-49 Mb,Chr.05_48171340,Chr.05,48.171,48171340,SNP,DTFruit,additive,7.645,4.9,0.381,626,0:387:159:72:8,6.238,6.461,0.362,1.614,6.222,6.01,yr.23 + yr.24,7.645
Chr.05: 48-49 Mb,Chr.05_48169058,Chr.05,48.169,48169058,SNP,DTFlower,additive,7.563,4.83,0.411,626,1:337:178:104:6,7.162,5.121,1.489,1.957,6.13,6.923,yr.23 + yr.24,7.563
Chr.05: 48-49 Mb,Chr.05_48114809,Chr.05,48.115,48114809,Other,DTFruit,additive,7.309,4.66,0.476,626,1:180:327:114:4,4.898,7.418,0.784,0.318,6.168,3.078,yr.23 only,7.309
Chr.05: 48-49 Mb,Chr.05_48524092,Chr.05,48.524,48524092,Other,DTFlower,2-dom-ref,7.009,4.46,0.506,626,1:141:346:117:21,6.975,4.7,1.014,0.72,6.453,6.05,yr.23 + yr.24,7.009
Chr.05: 48-49 Mb,Chr.05_48617119,Chr.05,48.617,48617119,Other,DTFlower,additive,6.919,4.39,0.486,626,0:153:366:97:10,8.154,6.338,1.156,1.029,5.79,5.617,yr.23 + yr.24,6.919
Chr.05: 48-49 Mb,Chr.05_48486332,Chr.05,48.486,48486332,Other,DTFlower,additive,6.851,4.35,0.42,626,5:221:369:31:0,7.445,1.782,3.615,0.485,7.132,4.129,yr.23 only,6.851
Chr.05: 48-49 Mb,Chr.05_48114415,Chr.05,48.114,48114415,Other,DTFlower,additive,6.838,4.37,0.291,626,1:529:89:7:0,6.647,3.448,2.672,1.314,6,5.15,yr.23 only,6.838
Chr.05: 48-49 Mb,Chr.05_48114448,Chr.05,48.114,48114448,Other,DTFruit,2-dom-ref,6.416,4.05,0.558,626,0:96:306:207:17,7.056,6.74,0.683,0.546,5.701,3.345,yr.23 only,6.416
Chr.05: 48-49 Mb,Chr.05_48170090,Chr.05,48.17,48170090,Other,DTFruit,2-dom-ref,6.192,3.9,0.468,626,0:190:337:88:11,5.841,5.207,1.736,1.449,4.322,3.951,Neither,6.192
Chr.05: 48-49 Mb,Chr.05_48487354,Chr.05,48.487,48487354,Other,DTFlower,additive,6.094,3.87,0.311,626,2:481:133:9:1,4.655,2.107,1.686,0.191,5.447,4.728,Neither,6.094
Chr.05: 48-49 Mb,Chr.05_48114577,Chr.05,48.115,48114577,SNP,DTFruit,additive,6.023,3.79,0.336,626,9:432:147:36:2,5.564,5.951,0.875,0.709,6.993,1.17,yr.23 only,6.023
Chr.05: 48-49 Mb,Chr.05_48291349,Chr.05,48.291,48291349,Other,DTFlower,additive,5.94,3.76,0.471,626,6:169:350:93:8,5.528,3.174,2.77,0.702,3.91,7.606,yr.24 only,5.94
Chr.05: 48-49 Mb,Chr.05_48056874,Chr.05,48.057,48056874,Other,DTFlower,additive,5.872,3.71,0.517,626,1:109:369:141:6,5.789,3.885,1.372,0.514,5.128,4.977,Neither,5.872
Chr.05: 48-49 Mb,Chr.05_48188190,Chr.05,48.188,48188190,Other,DTFlower,additive,5.779,3.62,0.475,626,1:162:370:84:9,5.732,3.216,1.347,1.192,5.231,5.193,Neither,5.779
Chr.05: 48-49 Mb,Chr.05_48486165,Chr.05,48.486,48486165,SNP,DTFlower,additive,5.642,3.55,0.341,626,2:412:193:19:0,6.235,0.646,5.043,0.773,6.097,2.594,yr.23 only,5.642
Chr.05: 48-49 Mb,Chr.05_48187900,Chr.05,48.188,48187900,SNP,DTFlower,additive,5.589,3.49,0.39,626,0:367:177:72:10,6.007,2.544,2.38,1.304,4.208,5.496,Neither,5.589
Chr.06: 22-23 Mb,Chr.06_22292639,Chr.06,22.293,22292639,SNP,DTFlower,1-dom-ref,6.988,4.47,0.778,626,8:0:12:501:105,6.932,1.57,3.469,0.448,6.407,5.952,yr.23 + yr.24,6.988
Chr.06: 29-30 Mb,Chr.06_29469225,Chr.06,29.469,29469225,Other,DTFlower,1-dom-alt,6.533,4.19,0.386,626,11:353:179:77:6,8.17,2.731,3.087,0.598,6.009,4.564,yr.23 only,6.533
Chr.06: 36-37 Mb,Chr.06_36805018,Chr.06,36.805,36805018,Other,DTFlower,2-dom-alt,5.743,3.6,0.544,626,2:57:399:165:3,4.785,1.516,2.556,0.98,4.265,5.367,Neither,5.743
Chr.06: 40-41 Mb,Chr.06_40208419,Chr.06,40.208,40208419,Other,DTFlower,2-dom-alt,5.641,3.54,0.633,626,0:92:136:370:28,6.086,2.572,2.907,1.371,5.458,3.792,Neither,5.641
Chr.06: 42-43 Mb,Chr.06_42369200,Chr.06,42.369,42369200,SNP,DTFlower,1-dom-alt,6.778,4.32,0.809,626,6:35:50:249:286,7.869,2.495,3.64,1.647,5.939,2.619,yr.23 only,6.778
Chr.08: 18-19 Mb,Chr.08_18849701,Chr.08,18.85,18849701,SNP,DTFlower,additive,6.591,4.22,0.817,626,0:5:49:346:226,7.048,1.894,3.947,0.739,6.51,4.68,yr.23 only,6.591
Chr.08: 27-28 Mb,Chr.08_27127327,Chr.08,27.127,27127327,SNP,DTFlower,additive,6.157,3.89,0.802,626,0:9:49:372:196,5.684,2.19,2.057,0.672,5.674,5.231,yr.23 only,6.157
Chr.08: 27-28 Mb,Chr.08_27065207,Chr.08,27.065,27065207,Other,DTFlower,2-dom-ref,6.115,3.85,0.798,626,0:6:82:323:215,7.006,2.803,2.508,0.658,5.091,4.31,Neither,6.115
Chr.08: 28-29 Mb,Chr.08_28429653,Chr.08,28.43,28429653,Other,DTFlower,additive,6.186,4,0.737,626,0:32:112:339:143,5.177,2.839,0.88,0.423,7.828,3.566,yr.23 only,6.186
Chr.08: 28-29 Mb,Chr.08_28417969,Chr.08,28.418,28417969,SNP,DTFlower,2-dom-ref,5.585,3.52,0.782,626,0:3:65:407:151,3.858,0.569,1.932,0.386,6.453,2.425,yr.23 only,5.585
Chr.08: 29-30 Mb,Chr.08_29470828,Chr.08,29.471,29470828,Other,DTFlower,additive,6.783,4.36,0.877,626,0:6:56:178:386,6.124,1.878,1.987,0.527,6.976,4.315,yr.23 only,6.783
Chr.09: 1-2 Mb,Chr.09_1693527,Chr.09,1.694,1693527,SNP,DTFlower,2-dom-ref,6.205,3.93,0.28,626,2:554:63:7:0,6.369,3.227,1.894,0.75,5.707,3.222,yr.23 only,6.205
Chr.10: 14-15 Mb,Chr.10_14227353,Chr.10,14.227,14227353,SNP,Flow2Fruit,1-dom-ref,5.747,3.62,0.885,626,0:8:40:183:395,2.805,1.805,4.681,0.252,3.295,5.272,Neither,5.747
Chr.11: 19-20 Mb,Chr.11_19498635,Chr.11,19.499,19498635,Other,DTFlower,additive,5.852,3.74,0.265,626,6:580:37:3:0,6.432,2.411,2.653,0.875,6.931,5.276,yr.23 only,5.852
